ID,Title,Description,Status,Priority,"Assigned User","Assigned Email",Creator,"Due Date","Created At"
14,"Prepare OpenAPI documentation and Postman collection","Document all request payloads, responses, headers, and error codes.",pending,low,"Alice Johnson",alice@example.com,"Bob Smith","2026-10-22 17:00:00","2026-09-16 10:00:00"
13,"Optimize database queries and indexing","Profile slow queries and verify indexes on status, priority, and keys.",pending,low,"Bob Smith",bob@example.com,"Alice Johnson","2026-10-20 17:00:00","2026-09-15 14:15:00"
12,"Write comprehensive unit and integration tests","Test auth flows, task CRUD, file validation, and queue jobs.",pending,urgent,"Evan Wright",evan@example.com,"Bob Smith","2026-10-18 17:00:00","2026-09-14 08:30:00"
11,"Add real-time notifications via SSE/WebSocket","Broadcast task assignments and status updates to active users.",pending,high,"Charlie Brown",charlie@example.com,"Alice Johnson","2026-10-15 17:00:00","2026-09-12 15:00:00"
10,"Implement drag and drop file upload UI","Modern file dropzone with progress bar and thumbnail preview.",completed,medium,"Diana Prince",diana@example.com,"Alice Johnson","2026-10-12 17:00:00","2026-09-11 11:30:00"
9,"Build task filter and search frontend","Allow filtering by status, priority, assignee, and search query string.",completed,medium,"Charlie Brown",charlie@example.com,"Bob Smith","2026-10-10 17:00:00","2026-09-10 09:00:00"
8,"Simulate virus scanning engine","Pattern matching for EICAR signatures and malicious file headers.",in_progress,medium,"Evan Wright",evan@example.com,"Bob Smith","2026-10-06 17:00:00","2026-09-08 13:00:00"
7,"Implement chunked large file uploads","Support files exceeding 50MB by splitting into sequential chunks.",in_progress,medium,"Diana Prince",diana@example.com,"Alice Johnson","2026-10-05 17:00:00","2026-09-07 10:30:00"
6,"Create background job worker queue","Process asynchronous emails, image thumbnails, and data export jobs.",in_progress,high,"Evan Wright",evan@example.com,"Bob Smith","2026-10-03 17:00:00","2026-09-06 14:00:00"
15,"Audit legacy code and remove deprecated endpoints","Review code quality, comment cleanliness, and security practices.",cancelled,low,Unassigned,,"Alice Johnson","2026-09-30 17:00:00","2026-09-05 16:00:00"
5,"Develop secure file upload service","MIME type verification, thumbnail generation, and secure storage.",in_progress,urgent,"Diana Prince",diana@example.com,"Alice Johnson","2026-10-01 17:00:00","2026-09-05 09:30:00"
4,"Build task CRUD API endpoints","REST endpoints for creating, reading, updating, and deleting tasks.",completed,high,"Charlie Brown",charlie@example.com,"Bob Smith","2026-09-18 17:00:00","2026-09-04 11:00:00"
3,"Implement JWT authentication API","Create login, logout, and token refresh endpoints with proper validation.",completed,high,"Charlie Brown",charlie@example.com,"Bob Smith","2026-09-15 17:00:00","2026-09-03 10:00:00"
2,"Design database normalization schema","Create relational tables, foreign keys, and indexes for tasks and users.",in_progress,urgent,"Bob Smith",bob@example.com,"Alice Johnson","2026-09-12 17:00:00","2026-09-02 09:15:00"
1,"Set up production server architecture","Provision cloud instances and configure web servers and firewalls.",in_progress,high,"Alice Johnson",alice@example.com,"Alice Johnson","2026-09-10 18:00:00","2026-09-02 08:00:00"
